{
  "game_objects":
  {
    "character": {
      "texture_name": "Piaf",
      "animation_names": ["Standing", "Walking", "Rising", "Falling",  "Death", "Stunned", "PickedUp", "Throwing"],
      "animation_loops": ["LOOP", "LOOP", "LOOP", "LOOP", "NORMAL", "LOOP", "LOOP", "NORMAL"],
      "animation_spf": [0.5, 0.25, 0.25, 0.25, 0.25, 0.25, 0.25, 0.1]
    },
    "fire_ball": {
      "dimensionx": 1.0,
      "dimensiony": 1.0,
      "body_scalex": 0.33,
      "body_scaley": 0.33,
      "body_offsetx": 0.5,
      "isRotation": true,
      "bodyType": "DynamicBody",
      "texture_name": "fireball",
      "damage": 35,
      "returned": 200,
      "rateDeath": 0,
      "modifier": "fire",
      "sensor": false,
      "Mask": "Weapon",
      "Category": "Weapon"
    },
    "simple_ball": {
      "dimensionx": 0.5,
      "dimensiony": 0.5,
      "isRotation": true,
      "bodyType": "DynamicBody",
      "texture_name": "ball",
      "damage": 20,
      "returned": 101,
      "rateDeath": 0,
      "modifier": "none",
      "sensor": false,
      "Mask": "Weapon",
      "Category": "Weapon"
    },

    "invisible_switch": {
      "visible": false,
      "hold": false,
      "bodyType": "StaticBody",
      "sensor": true,
      "Mask": "Sensor",
      "Category": "Sensor"
    },
    "totem_switch": {
      "hold": true,
      "texture_name": "totem",
      "animation_names": ["SwitchingON", "SwitchingOFF", "Activated"],
      "animation_loops": ["LOOP", "LOOP", "LOOP"],
      "animation_spf": [0.2, 0.2, 0.2],
      "body_scalex": 0.33,
      "body_scaley": 0.13 ,
      "body_offsetx": 0.5,
      "body_offsety": 0.25,
      "bodyType": "StaticBody",
      "sensor": true,
      "Mask": "Sensor",
      "Category": "Sensor"
    },
    "stone_switch": {
      "hold": false,
      "texture_name": "stone",
      "animation_names": ["SwitchingON", "SwitchingOFF", "Activated"],
      "animation_loops": ["LOOP", "LOOP", "NORMAL"],
      "animation_spf": [0.2, 0.2, 0.2],
      "body_scalex": 0.33,
      "body_scaley": 0.13 ,
      "body_offsetx": 0.5,
      "body_offsety": 0.40,
      "texture_offsety": 0.2,
      "dimensionx": 1.0,
      "dimensiony": 0.5,
      "bodyType": "StaticBody",
      "sensor": true,
      "Mask": "Sensor",
      "Category": "Sensor"
    },
    "lance_switch": {
      "hold": true,
      "texture_name": "slance",
      "animation_names": ["SwitchingON", "SwitchingOFF", "Activated"],
      "animation_loops": ["LOOP", "LOOP", "LOOP"],
      "animation_spf": [0.2, 0.2, 0.2],
      "body_scalex": 0.6,
      "body_scaley": 0.2 ,
      "body_offsetx": 0.5,
      "body_offsety": 0.4,
      "texture_offsety": 0.4,
      "bodyType": "StaticBody",
      "sensor": true,
      "CustomMask": ["Weapon"],
      "Category": "Sensor"
    },
    "simple_launcher": {
      "texture_name": "launcher",
      "bodyType": "StaticBody",
      "sensor": false,
      "Mask": "Scenery",
      "Category": "Scenery"
    },
    "lance": {
      "texture_name": "Lance",
      "animation_names": ["Burning", "Moving"],
      "animation_loops": ["LOOP", "LOOP"],
      "animation_spf": [0.2, 0.5]

    },
    "attack_layer": {
      "texture_name": "Attack",
      "animation_names": ["Throwing", "Slapping", "Carrying", "Charging", "Ready",  "Aiming"],
      "animation_loops": ["NORMAL", "NORMAL", "LOOP", "NORMAL", "LOOP", "NORMAL"],
      "animation_spf": [0.1, 0.1, 0.25, 0.16, 0.20, 0.16]

    },
    "wood_platform": {
      "texture_name": "moving_wood",
      "animation_names": ["left", "rleft", "center", "rright", "right"],
      "animation_loops": ["LOOP", "LOOP", "LOOP", "LOOP", "LOOP"],
      "animation_spf": [0.2, 0.2, 0.2, 0.2, 0.2],
      "bodyType": "KinematicBody",
      "body_scalex": 1,
      "body_scaley": 1,
      "body_offsetx": 0.0,
      "body_offsety": 0.0,
      "Mask": "Scenery",
      "Category": "Scenery"

    },
    "oneway_platform": {
      "texture_name": "oneway",
      "animation_names": ["left", "rleft", "center", "rright", "right"],
      "animation_loops": ["LOOP", "LOOP", "LOOP", "LOOP", "LOOP"],
      "animation_spf": [0.2, 0.2, 0.2, 0.2, 0.2],
      "bodyType": "KinematicBody",
      "oneway": true,
      "body_offsetx": 0.0,
      "body_offsety": 0.0,
      "body_scaley": 0.666,
      "Mask": "Oneway",
      "Category": "Oneway"

    },
    "stone_platform": {
      "texture_name": "moving_stone",
      "animation_names": ["left", "rleft", "center", "rright", "right"],
      "animation_loops": ["LOOP", "LOOP", "LOOP", "LOOP", "LOOP"],
      "animation_spf": [0.2, 0.2, 0.2, 0.2, 0.2],
      "bodyType": "KinematicBody",
      "body_scalex": 1,
      "body_scaley": 1 ,
      "body_offsetx": 0.0,
      "body_offsety": 0.0,
      "Mask": "Scenery",
      "Category": "Scenery"

    },
    "spikes": {
      "texture_name": "spikes",
      "body_scalex": 1,
      "body_scaley": 0.6,
      "body_scale_offsetx": -0.4,
      "body_offsetx": 0.5,
      "body_offsety": 0.15,
      "isRotation": false,
      "bodyType": "KinematicBody",
      "sensor": true,
      "Mask": "Weapon",
      "Category": "Weapon"
    }
  },
  "collectable_type":
  {
    "coin":{
      "size": 0.5,
      "body_offsetx": 0.25,
      "body_offsety": 0.25,
      "value": 10,
      "invicibility": 0
    },
    "ruby":{
      "size":0.5,
      "body_offsetx": 0.25,
      "body_offsety": 0.25,
      "value": 50,
      "invicibility": 1
    },
    "diamond":{
      "body_offsetx": 0.0,
      "body_offsety": 0.0,
      "body_scalex": 1,
      "body_scaley": 1,
      "value": 500,
      "invicibility": 5
    }
  }

}
