{
	"nb_players": 4,
	"sound_volume": 100,
    "full_screen": false,
    "resolution": [1920, 1080],
	"players": [
		{
          "name": "Purple",
          "color": "purple",
          "input": "controller",
          "id_input": 1
		},
      {
          "name": "Red",
          "color": "red",
          "input": "controller",
          "id_input": 3
      },
      {
          "name": "Blue",
          "color": "blue",
          "input": "controller",
          "id_input": 4
      },
      {
          "name": "Green",
          "color": "green",
          "input": "controller",
          "id_input": 2
      }
	]
}
