<!--
Default Profile for Keyboard

-->
<InputProfile>
	<type name = "Keyboard"/>
	<states>
		<state name="Up">
			<key code="51" />
		</state>
		<state name="Down">
			<key code="47" />
		</state>
		<state name="Left">
			<key code="29" />
		</state>
		<state name="Right">
			<key code="32" />
		</state>
	</states>

	<contexts>
		<context name="Menu" >
			<states>
				<state name="Select">
					<key code="62" />
				</state>

				<state name="Back">
					<key code="1" />
				</state>

				<state name="Start">
					<key code="40" />
				</state>

			</states>
		</context>

		<context name="Game" >
			<states>
				<state name="Jump">
					<key code="62" />
				</state>

				<state name="LongAttack1">
					<mouse code="0" />
				</state>

				<state name="ShortAttack">
					<mouse code="1" />
				</state>

				<state name="LongAttack2">
					<key code="129" />
				</state>

				<state name="PickUp">
					<key code="59" />
				</state>
			</states>
		</context>
	</contexts>
</InputProfile>
